{
  "objects": 10,
  "unitsDistance": " m",
  "landmarks_en": [
    {"name": "Eiffel Tower", "height": "324", "hPx":"1155", "Lat": "48.858222", "Lon": "2.294500", "Description": "", "img_color": "torreEiffel_colore.png", "img_gray":"torreEiffel_nonVisitato.png", "img_back":"torreEiffel.png", "img": "torreEiffel.png", "visit":false},
    {"name": "Bovisa Gasometer", "height": "50", "hPx":"635", "Lat": "45.503905", "Lon": "9.154706", "Description": "Being a superb piece of industrial archeology, the gasometer dominates Bovisa’s Skyline since 1906.", "img_color": "gasometro_colore.png", "img_gray":"gasometro_nonVisitato.png", "img_back":"gasometro_bg.png", "img":"gasometro.png", "visit":false},
    {"name": "Drop weight tester", "height": "19.5",  "hPx":"851", "Lat": "45.504961", "Lon": "9.166906", "Description": "A structure used for fall tests, but many people wonders its true purpose. What’s behind this mysterious pylon?", "img_color": "torreFrigo_colore.png", "img_gray":"torreFrigo_nonVisitato.png", "img_back":"torreFrigo_bg.png", "img":"torreFrigo.png", "visit":false},
    {"name": "Poli.Hub", "height": "32.5",  "hPx":"985", "Lat": "45.506729", "Lon": "9.162738", "Description": "Bovisa has mutated its appearance since these new buildings has been built. Poli.hub is a must for every new startup in search of support.", "img_color": "poliHub_colore.png", "img_gray":"poliHub_nonVisitato.png", "img_back":"poliHub_bg.png", "img":"poliHub.png", "visit":false},
    {"name": "Bovisa Infopoint", "height": "15", "hPx":"830", "Lat": "45.504461", "Lon": "9.165825", "Description": "It greets guests and students entering the university from via Candiani. Come to say hi, sometime.", "img_color": "infoPoint_colore.png", "img_gray":"infoPoint_nonVisitato.png", "img_back":"infoPoint_bg.png", "img":"infoPoint.png", "visit":false},
    {"name": "Milan Cathedral 'Duomo'", "height": "107", "hPx":"925", "Lat": "45.464159", "Lon": "9.192029", "Description": "“O mia bela Madunina che te brillet de lontan - tuta d'ora e piscinina, ti te dominet Milan” - a traditional song for every true Milanés’. Giovanni D’Anzi, 1934", "img_color": "duomo_colore.png", "img_gray":"duomo_nonVisitato.png", "img_back":"duomo_bg.png", "img":"duomo.png", "visit":false},
    {"name": "Torre Velasca", "height": "106", "hPx":"990", "Lat": "45.459885", "Lon": "9.190702", "Description": "Designed by BBPR group in 1961. Its brutalist fashion harmonizes with the gothic shapes of the Dome.", "img_color": "torreVelasca_colore.png", "img_gray":"torreVelasca_nonVisitato.png", "img_back":"torreVelasca_bg.png", "img":"torreVelasca.png", "visit":false},
    {"name": "Unicredit Tower", "height": "231", "hPx":"1155", "Lat": "45.483612", "Lon": "9.190084", "Description": "A project from César Pelli completed in 2014. this tower has become the landmark of the renewed district of Isola.", "img_color": "torreUnicredit_colore.png", "img_gray":"torreUnicredit_nonVisitato.png", "img_back":"torreUnicredit_bg.png", "img":"torreUnicredit.png", "visit":false},
    {"name": "Redwood Hyperion", "height": "115", "hPx":"1110", "Lat": "41.211111", "Lon": "-124.002778", "Description": "Discovered in 2006, it’s the world’s tallest tree. It grows in the woods of Northern California.", "img_color": "sequoia_colore.png", "img_gray":"sequoia_nonVisitato.png", "img_back":"sequoia_bg.png", "img":"sequoia.png", "visit":false},
    {"name": "Burj Khalifa", "height": "829", "hPx":"1170", "Lat": "25.197222", "Lon": "55.274056", "Description": "This is the tallest tower ever built, located in Dubai. Built in a daring Neo-futurist style, it’s dedicated to the emir of Abu Dhabi.", "img_color": "burijKalifa_colore.png", "img_gray":"burijKalifa_nonVisitato.png", "img_back":"burijKalifa_bg.png", "img":"burijKalifa.png", "visit":false}
  ],
  "landmarks_it": [
    {"name": "Eiffel Tower", "height": "324", "hPx":"1155", "Lat": "48.858222", "Lon": "2.294500", "Description": "", "img_color": "torreEiffel_colore.png", "img_gray":"torreEiffel_nonVisitato.png", "img_back":"torreEiffel.png", "img": "torreEiffel.png", "visit":false},
    {"name": "Gasometro di Bovisa", "height": "50", "hPx":"635", "Lat": "45.503905", "Lon": "9.154706", "Description": "Eccellente reperto di archeologia industriale, il serbatoio del gas domina lo skyline di Bovisa dal 1906.", "img_color": "gasometro_colore.png", "img_gray":"gasometro_nonVisitato.png", "img_back":"gasometro_bg.png", "img":"gasometro.png", "visit":false},
    {"name": "Lancia Frigoriferi", "height": "19.5", "hPx":"851", "Lat": "45.504961", "Lon": "9.166906", "Description": "Luogo di test di caduta, molti si chiedono da tempo la sua vera funzione. Cosa si nasconde dietro questo misterioso traliccio?", "img_color": "torreFrigo_colore.png", "img_gray":"torreFrigo_nonVisitato.png", "img_back":"torreFrigo_bg.png", "img":"torreFrigo.png", "visit":false},
    {"name": "Poli.Hub", "height": "32.5", "hPx":"985", "Lat": "45.506729", "Lon": "9.162738", "Description": "I nuovi palazzi di Bovisa ne hanno trasformato l’aspetto. Le nuove startup trovano qui un sicuro appoggio.", "img_color": "poliHub_colore.png", "img_gray":"poliHub_nonVisitato.png", "img_back":"poliHub_bg.png", "img":"poliHub.png", "visit":false},
    {"name": "Infopoint Bovisa", "height": "15", "hPx":"830", "Lat": "45.504461", "Lon": "9.165825", "Description": "Accoglie visitatori e studenti che entrano da via Candiani. Fateci un giro ogni tanto.", "img_color": "infoPoint_colore.png", "img_gray":"infoPoint_nonVisitato.png", "img_back":"infoPoint_bg.png", "img":"infoPoint.png", "visit":false},
    {"name": "Duomo di Milano", "height": "107", "hPx":"925", "Lat": "45.464159", "Lon": "9.192029", "Description": "“O mia bela Madunina che te brillet de lontan - tuta d'ora e piscinina, ti te dominet Milan” - Giovanni D’Anzi, 1934", "img_color": "duomo_colore.png", "img_gray":"duomo_nonVisitato.png", "img_back":"duomo_bg.png", "img":"duomo.png", "visit":false},
    {"name": "Torre Velasca", "height": "106", "hPx":"990", "Lat": "45.459885", "Lon": "9.190702", "Description": "Progettata dal gruppo BBPR nel 1961. La sua foggia brutalista si armonizza con le forme gotiche del Duomo.", "img_color": "torreVelasca_colore.png", "img_gray":"torreVelasca_nonVisitato.png", "img_back":"torreVelasca_bg.png", "img":"torreVelasca.png", "visit":false},
    {"name": "Unicredit Tower", "height": "231", "hPx":"1155", "Lat": "45.483612", "Lon": "9.190084", "Description": "Ultimata nel 2014 su progetto di César Pelli, la torre contraddistingue il rinato quartiere di Isola.", "img_color": "torreUnicredit_colore.png", "img_gray":"torreUnicredit_nonVisitato.png", "img_back":"torreUnicredit_bg.png", "img":"torreUnicredit.png", "visit":false},
    {"name": "Sequoia Hyperion", "height": "115", "hPx":"1110", "Lat": "41.211111", "Lon": "-124.002778", "Description": "Scoperta nel 2006, è l’albero più alto del mondo. Si trova nelle foreste della California settentrionale.", "img_color": "sequoia_colore.png", "img_gray":"sequoia_nonVisitato.png", "img_back":"sequoia_bg.png", "img":"sequoia.png", "visit":false},
    {"name": "Burj Khalifa", "height": "829", "hPx":"1170", "Lat": "25.197222", "Lon": "55.274056", "Description": "È l’edificio più alto mai costruito, situato a Dubai. Realizzato in ardito stile Neo-futurista, è dedicato all’emiro di Abu Dhabi.", "img_color": "burijKalifa_colore.png", "img_gray":"burijKalifa_nonVisitato.png", "img_back":"burijKalifa_bg.png", "img":"burijKalifa.png", "visit":false}
  ]
}
